,Categories of Personal Information Collected,Categories of Personal Information Shared / Disclosed,Categories of Personal Information Sold,Methods to exercise rights,Description of Right to Know PI Collected,Description of Right to Opt-out of sale of PI,Updated Privacy Policy,Description of Right to Know PI sold / shared,Description of Right to Delete,Description of Right to Correct Information,Description of Right to Non-discrimination on exercising rights,Others,Description of Right to Limit use of PI
Categories of Personal Information Collected,11463,2055,1369,3,16,1,0,2,3,1,1,2,0
Categories of Personal Information Shared / Disclosed,2055,7843,2635,3,5,4,1,10,0,0,0,5,0
Categories of Personal Information Sold,1369,2635,4089,3,1,3,0,6,0,0,0,4,0
Methods to exercise rights,3,3,3,2847,33,286,0,8,53,47,1,0,11
Description of Right to Know PI Collected,16,5,1,33,1584,66,0,584,181,136,28,2,18
Description of Right to Opt-out of sale of PI,1,4,3,286,66,1558,0,37,87,29,30,1,27
Updated Privacy Policy,0,1,0,0,0,0,1163,0,0,0,0,0,0
Description of Right to Know PI sold / shared,2,10,6,8,584,37,0,1097,65,43,19,1,12
Description of Right to Delete,3,0,0,53,181,87,0,65,1079,175,34,0,19
Description of Right to Correct Information,1,0,0,47,136,29,0,43,175,647,6,0,23
Description of Right to Non-discrimination on exercising rights,1,0,0,1,28,30,0,19,34,6,547,0,0
Others,2,5,4,0,2,1,0,1,0,0,0,447,0
Description of Right to Limit use of PI,0,0,0,11,18,27,0,12,19,23,0,0,305
