,raw_rows,units,units_db,units_ws,pct_of_units
Categories of Personal Information Collected,12007,11463,6303,5160,40.5
Categories of Personal Information Shared / Disclosed,8493,7843,4129,3714,27.7
Categories of Personal Information Sold,4620,4089,2481,1608,14.4
Methods to exercise rights,2942,2847,1859,988,10.1
Description of Right to Know PI Collected,1754,1584,1120,464,5.6
Description of Right to Opt-out of sale of PI,1643,1558,973,585,5.5
Updated Privacy Policy,1172,1163,716,447,4.1
Description of Right to Know PI sold / shared,1224,1097,778,319,3.9
Description of Right to Delete,1135,1079,695,384,3.8
Description of Right to Correct Information,692,647,340,307,2.3
Description of Right to Non-discrimination on exercising rights,563,547,333,214,1.9
Others,464,447,439,8,1.6
Description of Right to Limit use of PI,344,305,186,119,1.1
