c3pa_label,units,opp115_category
Categories of Personal Information Collected,11463,First Party Collection/Use
Categories of Personal Information Shared / Disclosed,7843,Third Party Sharing/Collection
Categories of Personal Information Sold,4089,Third Party Sharing/Collection
Methods to exercise rights,2847,DROP
Description of Right to Know PI Collected,1584,"User Access, Edit and Deletion"
Description of Right to Opt-out of sale of PI,1558,User Choice/Control
Updated Privacy Policy,1163,Policy Change
Description of Right to Know PI sold / shared,1097,"User Access, Edit and Deletion"
Description of Right to Delete,1079,"User Access, Edit and Deletion"
Description of Right to Correct Information,647,"User Access, Edit and Deletion"
Description of Right to Non-discrimination on exercising rights,547,DROP
Others,447,DROP
Description of Right to Limit use of PI,305,User Choice/Control
