,units_db,units_ws,abs_diff
Categories of Personal Information Collected,0.31,0.36,0.051
Categories of Personal Information Shared / Disclosed,0.203,0.259,0.057
Categories of Personal Information Sold,0.122,0.112,0.01
Methods to exercise rights,0.091,0.069,0.022
Description of Right to Know PI Collected,0.055,0.032,0.023
Description of Right to Opt-out of sale of PI,0.048,0.041,0.007
Updated Privacy Policy,0.035,0.031,0.004
Description of Right to Know PI sold / shared,0.038,0.022,0.016
Description of Right to Delete,0.034,0.027,0.007
Description of Right to Correct Information,0.017,0.021,0.005
Description of Right to Non-discrimination on exercising rights,0.016,0.015,0.001
Others,0.022,0.001,0.021
Description of Right to Limit use of PI,0.009,0.008,0.001
