,count,mean,50%,max
Categories of Personal Information Collected,11463.0,126.7,63.0,3765.0
Categories of Personal Information Shared / Disclosed,7843.0,121.6,60.0,3765.0
Categories of Personal Information Sold,4089.0,127.0,55.0,3765.0
Methods to exercise rights,2847.0,48.3,33.0,1280.0
Description of Right to Know PI Collected,1584.0,60.8,45.0,1261.0
Description of Right to Opt-out of sale of PI,1558.0,44.0,33.0,687.0
Updated Privacy Policy,1163.0,46.5,34.0,762.0
Description of Right to Know PI sold / shared,1097.0,66.6,49.0,687.0
Description of Right to Delete,1079.0,56.1,32.0,687.0
Description of Right to Correct Information,647.0,33.6,26.0,687.0
Description of Right to Non-discrimination on exercising rights,547.0,46.4,29.0,1369.0
Others,447.0,257.4,74.0,8111.0
Description of Right to Limit use of PI,305.0,54.3,38.0,604.0
