label,top_words
Categories of Personal Information Collected,"keystroke, extract, faceprints, template, biological, gif, fingerprints, scans, alphanumeric, physiological, schedules, gait"
Categories of Personal Information Shared / Disclosed,"augmentation, preservation, lawyers, demands, imminent, bankers, classroom, governments, promoter, fka, judgment, allegations"
Categories of Personal Information Sold,"classroom, receptivity, poster, networker, influenced, usermatchhistory, bcookie, ide, lidc, bscookie, hindering, registrants"
Methods to exercise rights,"exterro, fcprivacy, californiaprivacy, hotline, ccparequest, globalprivacycontrol, dsars, communicates, perjury, po, privacyteam, penalty"
Description of Right to Know PI Collected,"transportable, covering, pieces, custody, dppa, got, withhold, portable, commencing, great, twice, useable"
Description of Right to Opt-out of sale of PI,"grants, renting, wide, altogether, refrain, align, opt, thedma, exemption, adversely, initiative, desire"
Updated Privacy Policy,"august, september, march, revisions, november, revised, modifications, june, dated, february, revision, decomissioning"
Description of Right to Know PI sold / shared,"dppa, shine, withhold, great, useable, light, pieces, separate, got, twice, selling, marketed"
Description of Right to Delete,"penal, peer, ethics, conforms, anticipated, achievement, impossible, aligned, seq, bugging, expectations, seriously"
Description of Right to Correct Information,"totality, inaccurate, inaccuracies, corrected, untrue, custody, incomplete, rectification, desires, correction, corrections, correct"
Description of Right to Non-discrimination on exercising rights,"imposing, discriminatory, discriminate, penalties, denying, nondiscrimination, retaliated, discriminating, prices, retaliatory, conferred, discriminated"
Others,"relying, complain, brazilian, lgpd, intrusion, accidental, altered, firewalls, adequacy, justice, coppa, accidentally"
Description of Right to Limit use of PI,"contested, limit, expected, restrict, compromise, resist, average, override, suppress, implementing, proportionate, object"
