category,raw_practices,segments_any_annotator,segments_majority,segments_all_three,majority_pct_of_segments
First Party Collection/Use,8935,1522,1209,936,31.9
Other,3548,1763,1058,550,27.9
Third Party Sharing/Collection,5221,1186,945,687,24.9
User Choice/Control,1789,632,358,211,9.4
International and Specific Audiences,939,353,301,249,7.9
Data Security,1008,375,210,146,5.5
"User Access, Edit and Deletion",746,231,149,110,3.9
Policy Change,548,192,119,89,3.1
Data Retention,370,156,78,37,2.1
Do Not Track,90,32,31,24,0.8
