,First Party Collection/Use,Other,Third Party Sharing/Collection,User Choice/Control,International and Specific Audiences,Data Security,"User Access, Edit and Deletion",Policy Change,Data Retention,Do Not Track
First Party Collection/Use,1209,60,256,30,12,13,8,1,26,3
Other,60,1058,69,52,30,14,31,23,9,2
Third Party Sharing/Collection,256,69,945,22,8,23,3,2,9,2
User Choice/Control,30,52,22,358,5,2,25,1,6,6
International and Specific Audiences,12,30,8,5,301,4,11,2,5,4
Data Security,13,14,23,2,4,210,0,0,5,0
"User Access, Edit and Deletion",8,31,3,25,11,0,149,0,18,0
Policy Change,1,23,2,1,2,0,0,119,0,0
Data Retention,26,9,9,6,5,5,18,0,78,0
Do Not Track,3,2,2,6,4,0,0,0,0,31
