sectors,First Party Collection/Use,Other,Third Party Sharing/Collection,User Choice/Control,International and Specific Audiences,Data Security,"User Access, Edit and Deletion",Policy Change,Data Retention,Do Not Track
Arts,0.32,0.279,0.269,0.086,0.08,0.044,0.035,0.028,0.026,0.012
Business,0.335,0.28,0.226,0.112,0.07,0.067,0.033,0.034,0.024,0.006
Computers,0.341,0.249,0.254,0.103,0.063,0.048,0.047,0.029,0.036,0.008
Games,0.331,0.253,0.249,0.091,0.091,0.041,0.046,0.036,0.033,0.004
Health,0.321,0.268,0.251,0.126,0.058,0.052,0.037,0.029,0.021,0.007
Home,0.332,0.307,0.253,0.087,0.062,0.046,0.035,0.026,0.025,0.005
Kids and Teens,0.375,0.297,0.236,0.07,0.069,0.041,0.027,0.019,0.017,0.007
News,0.34,0.231,0.278,0.069,0.077,0.053,0.04,0.04,0.019,0.007
Recreation,0.34,0.282,0.256,0.093,0.062,0.041,0.042,0.026,0.022,0.008
Reference,0.358,0.312,0.22,0.093,0.07,0.052,0.042,0.024,0.029,0.006
Regional,0.336,0.282,0.265,0.089,0.065,0.064,0.038,0.031,0.02,0.006
Science,0.33,0.314,0.259,0.079,0.051,0.047,0.038,0.018,0.018,0.004
Shopping,0.294,0.225,0.226,0.13,0.093,0.117,0.044,0.032,0.014,0.011
Society,0.332,0.269,0.269,0.088,0.068,0.05,0.032,0.03,0.027,0.006
Sports,0.348,0.272,0.252,0.085,0.081,0.043,0.039,0.032,0.02,0.008
World,0.357,0.258,0.246,0.087,0.068,0.049,0.04,0.027,0.028,0.006
