attribute,count,mean,50%,max
Personal Information Type,13150.0,5.5,3.0,122.0
Purpose,11182.0,12.6,9.0,232.0
Does/Does Not,6800.0,11.1,3.0,192.0
Action First-Party,6058.0,10.1,5.0,139.0
Action Third Party,4611.0,7.0,3.0,212.0
Choice Type,4482.0,13.8,9.0,238.0
Third Party Entity,4416.0,9.6,4.0,212.0
Collection Mode,4162.0,10.1,5.0,141.0
Identifiability,3924.0,4.7,3.0,122.0
Choice Scope,3237.0,8.6,5.0,126.0
Other Type,1807.0,37.5,28.0,212.0
User Type,1761.0,4.6,2.0,91.0
Access Type,671.0,12.2,5.0,126.0
Security Measure,649.0,30.8,23.0,177.0
Access Scope,577.0,9.9,5.0,113.0
Notification Type,418.0,11.9,9.0,68.0
Audience Type,405.0,40.4,25.0,289.0
Change Type,387.0,14.6,9.0,81.0
Retention Period,297.0,15.0,11.0,123.0
Retention Purpose,250.0,12.5,9.0,81.0
User Choice,194.0,20.9,17.5,85.0
Do Not Track policy,49.0,26.8,18.0,122.0
