category,top_words
First Party Collection/Use,"pixels, geolocation, customize, occupation, uniquely, trends, save, diagnose, improvements, opened, questionnaires, enroll"
Other,"explains, endorsement, endorse, holdings, december, adopted, dealings, ny, concerns, privacypolicy, july, collections"
Third Party Sharing/Collection,"merger, bankruptcy, belief, subpoenas, regulation, court, cooperate, assets, selling, faith, judicial, successor"
User Choice/Control,"altogether, unsubscribe, toolbar, stop, adjust, menu, instructions, disabling, simply, unable, disable, opting"
International and Specific Audiences,"parental, thirteen, shine, coppa, resident, residents, child, guardian, verifiable, light, civil, exercised"
Data Security,"ssl, layer, guaranteed, secured, socket, safeguards, sockets, encrypt, impenetrable, alteration, encrypts, encryption"
"User Access, Edit and Deletion","inaccurate, incomplete, corrections, inaccuracies, correct, navigating, deleting, correction, updating, deletion, update, deactivate"
Policy Change,"modifications, continued, periodically, revised, revise, significant, changed, revisions, amend, material, prominent, continuing"
Data Retention,"indefinitely, retain, disputes, long, deletion, period, retention, resolve, active, retained, cancel, deleted"
Do Not Track,"signals, dnt, currently, standards, track, browsers, respond, tracking, browser, recognize, settings, able"
