doc_id,uid,subset,title,site_name,url,domain,n_units,group_id
c3pa:db/1,db/1,db,Lead411 Privacy Policy,Lead411,https://www.lead411.com/privacy-policy/,lead411.com,96,lead411.com
c3pa:db/10,db/10,db,Privacy Policy - SOURCEit,SOURCEit,https://www.sourceitmarketing.com/privacy-policy/,sourceitmarketing.com,9,sourceitmarketing.com
c3pa:db/100,db/100,db,Privacy Policy – M+R,M+R,https://www.mrss.com/privacy-policy/,mrss.com,62,mrss.com
c3pa:db/101,db/101,db,Peoplesearcher,,,,44,c3pa:db/101
c3pa:db/102,db/102,db,Privacy Policy | Sterling Data Company,,https://sterlingdatacompany.com/privacy-policy/,sterlingdatacompany.com,28,sterlingdatacompany.com
c3pa:db/103,db/103,db,Privacy Policy | App Science®,,,,64,c3pa:db/103
c3pa:db/104,db/104,db,Privacy Policy | Famous Birthdays,,,,65,c3pa:db/104
c3pa:db/105,db/105,db,Intentgine Privacy Policy – Intentgine,,https://intentgine.com/privacy-policy/,intentgine.com,31,intentgine.com
c3pa:db/106,db/106,db,Privacy Policy | IntentMacro,IntentMacro,https://intentmacro.com/privacy-policy/,intentmacro.com,16,intentmacro.com
c3pa:db/107,db/107,db,Privacy Centre | Blis,Blis | Blis is your location-powered advertising & analytics partner,https://blis.com/privacy-centre/,blis.com,156,blis.com
c3pa:db/108,db/108,db,Privacy Policy - Buildertrend,Buildertrend,https://buildertrend.com/privacy-policy/,buildertrend.com,46,buildertrend.com
c3pa:db/109,db/109,db,Privacy Policy | Deep Sync,,https://deepsync.com/privacy-policy/,deepsync.com,44,deepsync.com
c3pa:db/11,db/11,db,Corporate Privacy Policy | S&P Global,,https://www.spglobal.com/en/privacy/privacy-policy-english,spglobal.com,102,spglobal.com
c3pa:db/110,db/110,db,Privacy Policy - Data Axle Nonprofit,Data Axle Nonprofit,https://www.dataaxlenonprofit.com/privacy-policy/,dataaxlenonprofit.com,37,dataaxlenonprofit.com
c3pa:db/111,db/111,db,Privacy Policy – HomeData,,https://homedata.com/privacy-policy/,homedata.com,15,homedata.com
c3pa:db/112,db/112,db,Privacy Policy - Business Digital Marketing - Data Card,"ListServiceDirect, Inc.",https://listservicedirect.com/privacy-policy/,listservicedirect.com,30,listservicedirect.com
c3pa:db/113,db/113,db,Privacy Policy,Logiq Inc.,https://logiq.com/privacy-policy/,logiq.com,54,logiq.com
c3pa:db/114,db/114,db,Privacy Policy,,https://sharelocalmedia.com/privacy-policy,sharelocalmedia.com,70,sharelocalmedia.com
c3pa:db/115,db/115,db,Privacy Policy - Data Axle,Data Axle,https://www.data-axle.com/privacy-policy/,data-axle.com,20,data-axle.com
c3pa:db/116,db/116,db,Privacy Notice | Demandbase,Demandbase,https://www.demandbase.com/privacy/,demandbase.com,35,demandbase.com
c3pa:db/117,db/117,db,Privacy Policy | Hivestack,,,,25,c3pa:db/117
c3pa:db/118,db/118,db,KOLs & Influencers Privacy Policy,KOL Key Opinion Leaders,https://www.keyopinionleaders.com/privacy,keyopinionleaders.com,47,keyopinionleaders.com
c3pa:db/119,db/119,db,Privacy Policy - Roqad,Roqad,https://www.roq.ad/privacy-policy-roqad/,roq.ad,62,roq.ad
c3pa:db/12,db/12,db,Privacy Policy - Medical Marketing & Healthcare Leads | iMD,Medical Marketing & Healthcare Leads | iMD,https://www.integratedmedicaldata.com/privacy-policy/,integratedmedicaldata.com,27,integratedmedicaldata.com
c3pa:db/120,db/120,db,T-Mobile Privacy Policy Notice | T-Mobile Privacy Center,,https://www.t-mobile.com/privacy-center/privacy-notices/t-mobile-privacy-notice,t-mobile.com,79,t-mobile.com
c3pa:db/121,db/121,db,California Privacy Rights Act (CPRA) Notice | Tunnl,,https://www.tunnldata.com/ccpa,tunnldata.com,24,tunnldata.com
c3pa:db/122,db/122,db,Billtrust Privacy Policy: Protecting your data | Billtrust,Billtrust,https://www.billtrust.com/privacy-policy/,billtrust.com,129,billtrust.com
c3pa:db/123,db/123,db,"eSite | Privacy Policy - Predictive Analytics | Charleston, SC",eSite Analytics,https://www.esiteanalytics.com/privacy-policy/,esiteanalytics.com,51,esiteanalytics.com
c3pa:db/124,db/124,db,Privacy Policy -,,https://www.mrginc.com/privacy-policy/,mrginc.com,39,mrginc.com
c3pa:db/125,db/125,db,PeekYou LLC | Privacy Policy,,,,40,c3pa:db/125
c3pa:db/126,db/126,db,Privacy Policy – Preferred Communications,,https://preferredcommunications.com/privacy-policy/,preferredcommunications.com,63,preferredcommunications.com
c3pa:db/127,db/127,db,Privacy Policy | Privacy Policy  | MarketForce,,,,15,c3pa:db/127
c3pa:db/128,db/128,db,Privacy Policy – Pick Medicare,,https://pickmedicare.com/privacy-policy/,pickmedicare.com,85,pickmedicare.com
c3pa:db/129,db/129,db,Dun & Bradstreet Privacy Notice,,https://www.dnb.com/ca-en/utility-pages/privacy-policy.html,dnb.com,109,dnb.com
c3pa:db/13,db/13,db,Swordfish: CCPA Notice,Swordfish AI Cell Phone and Email Finder,https://swordfish.ai,swordfish.ai,104,swordfish.ai
c3pa:db/130,db/130,db,Your Privacy Choices - IQVIA,,https://www.iqvia.com/about-us/privacy/ccpa/do-not-sell,iqvia.com,33,iqvia.com
c3pa:db/131,db/131,db,Privacy Policy | iWave,iWave,https://www.iwave.com/privacy-policy/,iwave.com,44,iwave.com
c3pa:db/132,db/132,db,Warmly's Privacy Policy,,,,127,c3pa:db/132
c3pa:db/133,db/133,db,Privacy Policy,,,,80,c3pa:db/133
c3pa:db/134,db/134,db,Bridg - fuel your media network!,,,,44,c3pa:db/134
c3pa:db/135,db/135,db,Privacy Policy - First Direct,First Direct - Marketing Solutions That Fit!,https://firstdirectmarketing.com/privacy-policy/,firstdirectmarketing.com,24,firstdirectmarketing.com
c3pa:db/136,db/136,db,ListMatch | Privacy Policy,,,,8,c3pa:db/136
c3pa:db/137,db/137,db,My Information and Privacy - Pipl,,https://pipl.com/resources/privacy-documents/my-information-privacy,pipl.com,54,pipl.com
c3pa:db/138,db/138,db,Privacy Policy | DigDev Direct,,https://www.digdevdirect.com/privacy-policy/,digdevdirect.com,95,digdevdirect.com
c3pa:db/139,db/139,db,Privacy Policy - NFocus,NFocus,https://www.n-focus.com/privacy-policy/,n-focus.com,67,n-focus.com
c3pa:db/14,db/14,db,Page not found - Webbula,Webbula,,,12,c3pa:db/14
c3pa:db/140,db/140,db,Privacy Policy for California Residents - Adrea Rubin Marketing,Adrea Rubin Marketing,https://www.adrearubin.com/privacy-policy-california/,adrearubin.com,41,adrearubin.com
c3pa:db/141,db/141,db,Privacy Policy - AWL,AWL,https://awl.com/privacy/,awl.com,38,awl.com
c3pa:db/142,db/142,db,CCPA Privacy Policy | Veraset,,https://www.veraset.com/ccpa-privacy-policy/,veraset.com,36,veraset.com
c3pa:db/143,db/143,db,Fifty Privacy Policy,,https://fifty.io/us/privacy-policy,fifty.io,60,fifty.io
c3pa:db/144,db/144,db,Privacy Policy | Dstillery,Dstillery,https://dstillery.com/privacy-policy/,dstillery.com,56,dstillery.com
c3pa:db/145,db/145,db,LoopMe Legal Center,,,,52,c3pa:db/145
c3pa:db/146,db/146,db,Privacy Notice - Information on What Data We Collect and Use | Webbula,Webbula,https://webbula.com/privacy-policy/,webbula.com,50,webbula.com
c3pa:db/147,db/147,db,Hybrid Theory | Webite Privacy Policy |,,https://hybridtheory.com/,hybridtheory.com,42,hybridtheory.com
c3pa:db/148,db/148,db,"Privacy Policy - Built for this moment, and the next.","Built for this moment, and the next.",https://www.mediamath.com/privacy-policy/,mediamath.com,70,mediamath.com
c3pa:db/149,db/149,db,Privacy Policy,,https://www.sentilink.com/privacy,sentilink.com,59,sentilink.com
c3pa:db/15,db/15,db,Privacy Statement | Arity,Arity,https://www.arity.com/privacy/,arity.com,68,arity.com
c3pa:db/150,db/150,db,Resonate | Privacy Policy,Resonate,https://www.resonate.com/privacy-policy/,resonate.com,59,resonate.com
c3pa:db/151,db/151,db,Privacy Choices - Wiland,Wiland,https://wiland.com/privacy-choices/,wiland.com,62,wiland.com
c3pa:db/152,db/152,db,PulsePoint Platform Privacy Policy,,https://www.pulsepoint.com/legal/platform-privacy-policy,pulsepoint.com,105,pulsepoint.com
c3pa:db/153,db/153,db,Privacy - Location Based Advertising By InMarket,Location Based Advertising By InMarket,https://inmarket.com/privacy/,inmarket.com,47,inmarket.com
c3pa:db/154,db/154,db,Privacy Policy | MediaWallah,,https://mediawallah.com/privacy-policy/,mediawallah.com,60,mediawallah.com
c3pa:db/155,db/155,db,Privacy Policy,,https://www.samba.tv/users/privacy-policy,samba.tv,38,samba.tv
c3pa:db/156,db/156,db,Privacy - Growbots,Growbots,https://www.growbots.com/privacy/,growbots.com,64,growbots.com
c3pa:db/157,db/157,db,Business Services Privacy Policy | Legal Information | Mobilewalla,,https://www.mobilewalla.com/business-services-privacy-policy,mobilewalla.com,64,mobilewalla.com
c3pa:db/158,db/158,db,Privacy Policy | Cognism,,https://www.cognism.com/en/privacy-policy,cognism.com,59,cognism.com
c3pa:db/159,db/159,db,Internet Advertising Privacy Policy | OnAudience.com,,,,46,c3pa:db/159
c3pa:db/16,db/16,db,Privacy Policy – Compact,,https://www.compactlists.com/privacy-policy/,compactlists.com,54,compactlists.com
c3pa:db/160,db/160,db,Privacy Policy - StatSocial,StatSocial,https://www.statsocial.com/privacy-policy,statsocial.com,65,statsocial.com
c3pa:db/161,db/161,db,Privacy Policy,,,,39,c3pa:db/161
c3pa:db/162,db/162,db,Privacy Policy - GrayHair Software,GrayHair Software,https://grayhairsoftware.com/privacy-policy/,grayhairsoftware.com,40,grayhairsoftware.com
c3pa:db/163,db/163,db,Privacy policy | Mediaocean,Mediaocean,https://www.mediaocean.com/privacy-policy,mediaocean.com,40,mediaocean.com
c3pa:db/164,db/164,db,Privaterecords,,,,51,c3pa:db/164
c3pa:db/165,db/165,db,Privacy | Open People Search,,,,36,c3pa:db/165
c3pa:db/166,db/166,db,Privacy Policy | ASL Marketing,,https://aslmarketing.com/privacy-policy/,aslmarketing.com,40,aslmarketing.com
c3pa:db/167,db/167,db,"Atlantic Fox Technologies, Inc. Privacy Notice - Atlantic Fox Technologies, Inc.","Atlantic Fox Technologies, Inc.",https://atlanticfox.com/privacy-policy/,atlanticfox.com,48,atlanticfox.com
c3pa:db/168,db/168,db,Moody's Analytics CRE | Privacy Policy,Moody's Analytics CRE,https://cre.moodysanalytics.com/privacy/,cre.moodysanalytics.com,62,cre.moodysanalytics.com
c3pa:db/169,db/169,db,Privacy Policy – Moody's Analytics NewsEdge™,,https://newsedge.com/privacy_policy/,newsedge.com,40,newsedge.com
c3pa:db/17,db/17,db,"Terms of Use, Privacy Policy, and Disclaimer | Edvisors",Edvisors,https://www.edvisors.com/terms-privacy-disclaimer/,edvisors.com,95,edvisors.com
c3pa:db/170,db/170,db,FAQs - Frequently Asked Questions | People Search - SocialCatfish.com,,https://socialcatfish.com/faq/privacy/,socialcatfish.com,61,socialcatfish.com
c3pa:db/171,db/171,db,Wodwo | Privacy Policy,Wodwo,https://wodwo.co/privacy-policy/,wodwo.co,61,wodwo.co
c3pa:db/172,db/172,db,Privacy Policy | Lighthouse List,Lighthouse List Co.,https://www.lighthouselist.com/privacy-policy,lighthouselist.com,48,lighthouselist.com
c3pa:db/173,db/173,db,Privacy Policy | BusinessWatch Network,,https://www.businesswatchnetwork.com/privacy-policy,businesswatchnetwork.com,44,businesswatchnetwork.com
c3pa:db/174,db/174,db,Kyber Privacy Supplement | TD Cowen,TD Cowen,https://www.cowen.com/kyber-data-science-disclosures/kyber-privacy-supplement/,cowen.com,28,cowen.com
c3pa:db/175,db/175,db,Privacy — HealthWise Data,HealthWise Data,https://www.healthwisedata.com/privacy,healthwisedata.com,61,healthwisedata.com
c3pa:db/176,db/176,db,AdAdapted New Website,,,,42,c3pa:db/176
c3pa:db/177,db/177,db,Privacy Policy,,https://www.findem.ai/privacy-policy,findem.ai,90,findem.ai
c3pa:db/178,db/178,db,North American Privacy Policy | Blackbaud,Blackbaud,https://www.blackbaud.com/company/privacy-policy/north-america,blackbaud.com,63,blackbaud.com
c3pa:db/179,db/179,db,Privacy Policy - Alesco Data,Alesco Data,https://alescodata.com/privacy-policy/,alescodata.com,33,alescodata.com
c3pa:db/18,db/18,db,Privacy Policy | LimeLeads,LimeLeads,https://www.limeleads.com/privacy-policy/,limeleads.com,63,limeleads.com
c3pa:db/180,db/180,db,General Privacy Policy - hireEZ,,,,104,c3pa:db/180
c3pa:db/181,db/181,db,Privacy Policy,ZoomInfo,https://www.zoominfo.com/about-zoominfo/privacy-policy,zoominfo.com,147,zoominfo.com
c3pa:db/182,db/182,db,Oracle Advertising Privacy Policy | Oracle,,https://www.oracle.com/legal/privacy/advertising-privacy-policy.html,oracle.com,122,oracle.com
c3pa:db/183,db/183,db,Acxiom California Consumer Privacy Act,Acxiom,https://www.acxiom.com/data-privacy-ethics/california-consumer-privacy-act/,acxiom.com,19,acxiom.com
c3pa:db/184,db/184,db,"Privacy Policy - Comscore, Inc.","Comscore, Inc.",https://www.comscore.com/About/Privacy-Policy,comscore.com,64,comscore.com
c3pa:db/185,db/185,db,Privacy Policy | US Data Corporation Business & Consumer Lists,US Data Corporation,https://www.usdatacorporation.com/privacy-policy/,usdatacorporation.com,42,usdatacorporation.com
c3pa:db/186,db/186,db,Privacy - RecruitBot,RecruitBot,https://recruitbot.com/privacy/,recruitbot.com,118,recruitbot.com
c3pa:db/187,db/187,db,Privacy Policy at Experian.com,,https://www.experian.com/privacy/,experian.com,18,experian.com
c3pa:db/188,db/188,db,Privacy Policy  | MaxMind,,,,100,c3pa:db/188
c3pa:db/189,db/189,db,Privacy Policy  | Melissa,,https://www.melissa.com/privacy,melissa.com,49,melissa.com
c3pa:db/19,db/19,db,NextRoll - Privacy Policy,,,,176,c3pa:db/19
c3pa:db/190,db/190,db,Privacy Center (English) - Privacy,Outbrain,https://www.outbrain.com/privacy/,outbrain.com,83,outbrain.com
c3pa:db/191,db/191,db,Privacy Policy – US MARKETING GROUP,,https://usmarketinggrp.com/privacy-policy/,usmarketinggrp.com,35,usmarketinggrp.com
c3pa:db/192,db/192,db,ACBJ - Privacy Policy and Cookie Statement,,,,63,c3pa:db/192
c3pa:db/193,db/193,db,Interest Based Ad Privacy Policy — Nativo Native Platform,,,,43,c3pa:db/193
c3pa:db/194,db/194,db,Privacy Policy,,https://www.propertyradar.com/privacy-policy,propertyradar.com,71,propertyradar.com
c3pa:db/195,db/195,db,"Privacy Policy - Sovrn, Inc.","Sovrn, Inc.",https://www.sovrn.com/privacy-policy/privacy-policy/,sovrn.com,110,sovrn.com
c3pa:db/196,db/196,db,UpLead Privacy Policy | UpLead,UpLead,https://www.uplead.com/privacy/,uplead.com,110,uplead.com
c3pa:db/197,db/197,db,Privacy Policy - PeopleFinders,/peoplefindersinc,https://www.peoplefinders.com/about/privacy,peoplefinders.com,85,peoplefinders.com
c3pa:db/198,db/198,db,SimioCloud Products & Services Privacy Policy | SimioCloud,SimioCloud,https://simiocloud.com/simiocloud-products-services-privacy-policy/,simiocloud.com,41,simiocloud.com
c3pa:db/199,db/199,db,Full Data Privacy Compliance - Audiencerate,Audiencerate,https://www.audiencerate.com/full-data-privacy-compliance/,audiencerate.com,80,audiencerate.com
c3pa:db/2,db/2,db,Privacy Policy Blackbaud Identity | Blackbaud,Blackbaud,https://www.blackbaud.com/company/privacy-policy/blackbaud-id,blackbaud.com,32,blackbaud.com
c3pa:db/20,db/20,db,Privacy Policy | Taboola.com,Taboola.com,https://www.taboola.com/policies/privacy-policy,taboola.com,93,taboola.com
c3pa:db/200,db/200,db,Privacy Policy - NetWise,NetWise,https://www.netwisedata.com/privacy-policy/,netwisedata.com,42,netwisedata.com
c3pa:db/201,db/201,db,Privacy Policy – Reality Debt Solutions,,https://www.realitydebtsolutions.com/privacy-policy/,realitydebtsolutions.com,70,realitydebtsolutions.com
c3pa:db/202,db/202,db,Technology Privacy Policy — Datonics,Datonics,https://www.datonics.com/technology-privacy-policy,datonics.com,49,datonics.com
c3pa:db/203,db/203,db,California Privacy Rights — DecisionLinks,DecisionLinks,https://www.decisionlinks.com/california-privacy-rights,decisionlinks.com,17,decisionlinks.com
c3pa:db/204,db/204,db,Privacy Policy | Great Lakes List Management,,http://www.example.com/privacy-policy,example.com,45,example.com
c3pa:db/205,db/205,db,Privacy Policy | Fyllo Compliance Cloud™,Fyllo,https://hellofyllo.com/privacy-policy/,hellofyllo.com,52,hellofyllo.com
c3pa:db/206,db/206,db,Privacy Policy — Malvern Media,Malvern Media,https://www.malvernmedia.com/privacy-policy,malvernmedia.com,67,malvernmedia.com
c3pa:db/207,db/207,db,OpenX Ad Exchange Privacy Policy | OpenX,OpenX,https://www.openx.com/privacy-center/ad-exchange-privacy-policy/,openx.com,88,openx.com
c3pa:db/208,db/208,db,Privacy Policy (CA) - Strata Company,Strata Company,https://www.gostrata.com/privacy-policy-ca/,gostrata.com,21,gostrata.com
c3pa:db/209,db/209,db,Privacy Policy - Lucid,Lucid,https://luc.id/legal/privacy-policy/,luc.id,38,luc.id
c3pa:db/21,db/21,db,Privacy Notice for Residents of California - Business Residential Telemarketing Phone List | USA | Canada,,https://www.telephonelists.biz/privacy-notice-for-residents-of-california/,telephonelists.biz,30,telephonelists.biz
c3pa:db/210,db/210,db,Privacy Policy - Salutary Data,Salutary Data,https://salutarydata.com/privacy-policy/,salutarydata.com,132,salutarydata.com
c3pa:db/211,db/211,db,Privacy Policy - Maximize the value of each customer relationship.,Maximize the value of each customer relationship.,https://datadelivers.com/privacy-policy/,datadelivers.com,50,datadelivers.com
c3pa:db/212,db/212,db,Privacy Policy | Intalytics,Intalytics,https://intalytics.com/privacy-policy/,intalytics.com,56,intalytics.com
c3pa:db/213,db/213,db,Outlogic Privacy Policy - Outlogic,Outlogic,https://outlogic.io/privacy-policy/,outlogic.io,95,outlogic.io
c3pa:db/214,db/214,db,"Privacy Policy | ACH, Address Clearing House",achcoop.com,https://www.achcoop.com/privacy-policy,achcoop.com,18,achcoop.com
c3pa:db/215,db/215,db,Legal — Email Industries™,Email Industries™,https://www.emailindustries.com/legal/,emailindustries.com,33,emailindustries.com
c3pa:db/216,db/216,db,Leading the way with Data Privacy and GDPR Compliance | Rhetorik,Rhetorik,https://www.rhetorik.com/data-privacy-gdpr/,rhetorik.com,9,rhetorik.com
c3pa:db/217,db/217,db,Heartbeat AI - Search 11M+ Healthcare & Medical Professionals,Heartbeat AI,https://heartbeat.ai/,heartbeat.ai,41,heartbeat.ai
c3pa:db/218,db/218,db,Privacy Policy | Multimedia Lists,Multimedia Lists,https://multimedialists.com/privacy-policy/,multimedialists.com,62,multimedialists.com
c3pa:db/219,db/219,db,Privacy Policy - CONTENTgine,CONTENTgine,https://contentgine.com/privacy-policy/,contentgine.com,39,contentgine.com
c3pa:db/22,db/22,db,Privacy | TrueData,TrueData,https://www.truedata.co/privacy-policy/,truedata.co,38,truedata.co
c3pa:db/220,db/220,db,Platform Privacy Policy :: ID5,,https://id5.io/,id5.io,92,id5.io
c3pa:db/221,db/221,db,Política de privacidad | Snov.io,Snov.io,https://snov.io/privacy-policy,snov.io,118,snov.io
c3pa:db/222,db/222,db,Privacy Policy - SG360°,SG360°,https://sg360.com/privacy-policy/,sg360.com,50,sg360.com
c3pa:db/223,db/223,db,Privacy Policy - VentiveIQ,VentiveIQ,https://ventiveiq.com/privacy-policy-2/,ventiveiq.com,50,ventiveiq.com
c3pa:db/224,db/224,db,"Privacy Policy, Privacy Statement | RediData.com",Redi-Data,https://www.redidata.com/privacy-policy/,redidata.com,44,redidata.com
c3pa:db/225,db/225,db,Privacy Policy | Lightcast,Lightcast,,,46,c3pa:db/225
c3pa:db/226,db/226,db,Global Privacy Notice | Costar North America,,https://www.costar.com/about/privacy-notice,costar.com,97,costar.com
c3pa:db/227,db/227,db,Dun & Bradstreet Privacy Notice,,https://www.dnb.com/utility-pages/privacy-policy.html/duns-number.html,dnb.com,189,dnb.com
c3pa:db/228,db/228,db,Privacy Policy - Enformion,Enformion,https://www.enformion.com/privacy-policy/,enformion.com,50,enformion.com
c3pa:db/229,db/229,db,Privacy Policy | IDology,IDology,https://www.idology.com/privacy-policy/,idology.com,99,idology.com
c3pa:db/23,db/23,db,Privacy Policy | Anteriad,Anteriad,https://anteriad.com/privacy-policy/,anteriad.com,65,anteriad.com
c3pa:db/230,db/230,db,Privacy | PlaceIQ,"PlaceIQ | Location Intelligence, Your Way",https://www.placeiq.com/privacy/,placeiq.com,62,placeiq.com
c3pa:db/24,db/24,db,Performance Marketing Agency Los Angeles | Apollo Interactive,Apollo Interactive,https://www.apollointeractive.com/privacy-policy.php,apollointeractive.com,53,apollointeractive.com
c3pa:db/25,db/25,db,Privacy Policy - Belardi Wong,Belardi Wong,https://belardiwong.com/privacy-policy/,belardiwong.com,30,belardiwong.com
c3pa:db/26,db/26,db,"Privacy Policy | Your one source for Direct Marketing Business and Consumer Mailing Lists, Sales Leads, Lead Generation and Business Intelligence",,https://www.completemailinglists.com/privacy-policy,completemailinglists.com,28,completemailinglists.com
c3pa:db/27,db/27,db,Privacy Policy at Experian.com,,https://www.experian.com/privacy/,experian.com,7,experian.com
c3pa:db/28,db/28,db,Privacy Policy - PacificEast,PacificEast,https://www.pacificeast.com/privacy-policy/,pacificeast.com,39,pacificeast.com
c3pa:db/29,db/29,db,Privacy Policy - Ekata,Ekata,https://ekata.com/privacy-policy/,ekata.com,104,ekata.com
c3pa:db/3,db/3,db,Privacy Policy - Statlistics,Statlistics,https://statlistics.com/privacy-policy/,statlistics.com,20,statlistics.com
c3pa:db/30,db/30,db,Privacy Center,,,,8,c3pa:db/30
c3pa:db/31,db/31,db,ACBJ - CCPA Notice,,,,20,c3pa:db/31
c3pa:db/32,db/32,db,Privacy Policy | BDO,BDO,https://www.bdo.com/privacy-policy,bdo.com,63,bdo.com
c3pa:db/33,db/33,db,User privacy statement |  Brandwatch,Brandwatch,https://www.brandwatch.com/legal/user-privacy-policy/,brandwatch.com,37,brandwatch.com
c3pa:db/34,db/34,db,California Privacy Policy,Digital Segment,https://www.digitalsegment.com/about/california-privacy-policy/,digitalsegment.com,22,digitalsegment.com
c3pa:db/35,db/35,db,Privacy | FordDirect,,https://www.forddirect.com/privacy,forddirect.com,46,forddirect.com
c3pa:db/36,db/36,db,Hybrid Theory | Webite Privacy Policy |,,https://hybridtheory.com/,hybridtheory.com,65,hybridtheory.com
c3pa:db/37,db/37,db,Data Services and Website Privacy Policy - Aspire North,Aspire North,https://www.aspire-north.com/data-services-and-website-privacy-policy.html,aspire-north.com,57,aspire-north.com
c3pa:db/38,db/38,db,Website Privacy Policy,LiveIntent,https://www.liveintent.com/privacy-policy/,liveintent.com,29,liveintent.com
c3pa:db/39,db/39,db,Privacy Center - Lotame,Lotame,https://www.lotame.com/about-lotame/privacy/,lotame.com,62,lotame.com
c3pa:db/4,db/4,db,Privacy Policy | Spy Dialer,,,,55,c3pa:db/4
c3pa:db/40,db/40,db,Website Privacy Policy — Nativo Native Platform,,,,18,c3pa:db/40
c3pa:db/41,db/41,db,Privacy Policy- What We Do — Reklaim,Reklaim,https://www.reklaimyours.com/privacy-policy,reklaimyours.com,44,reklaimyours.com
c3pa:db/42,db/42,db,Privacy Policy - ROC Advertising,ROC Advertising,https://www.rocadvertising.com/privacy-policy/,rocadvertising.com,31,rocadvertising.com
c3pa:db/43,db/43,db,Privacy Policy - Stirista,Stirista,https://www.stirista.com/privacy-policy/,stirista.com,70,stirista.com
c3pa:db/44,db/44,db,Tapad | Consumer Privacy,Tapad,https://www.tapad.com/privacy,tapad.com,6,tapad.com
c3pa:db/45,db/45,db,Privacy Policy - TechTarget,TechTarget,https://www.techtarget.com/privacy-policy/,techtarget.com,70,techtarget.com
c3pa:db/46,db/46,db,Privacy Policy - Rooftop Digital,Rooftop Digital - Data Driven Marketing,https://www.rooftopdigital.com/privacy-policy/,rooftopdigital.com,58,rooftopdigital.com
c3pa:db/47,db/47,db,,,,,46,c3pa:db/47
c3pa:db/48,db/48,db,Privacy Policy – Sales Agent,,https://www.360mediadirect.com/privacy-policy/,360mediadirect.com,30,360mediadirect.com
c3pa:db/49,db/49,db,Privacy Policy at Experian.com,,https://www.experian.com/privacy/california-consumer-privacy-act,experian.com,15,experian.com
c3pa:db/5,db/5,db,Privacy - VDX.TV,,,,134,c3pa:db/5
c3pa:db/50,db/50,db,Privacy Policy - GroundTruth - GroundTruth,GroundTruth,https://www.groundtruth.com/privacy-policy/,groundtruth.com,48,groundtruth.com
c3pa:db/51,db/51,db,Privacy Policy | Interactive Data,Interactive Data,https://www.ididata.com/idis-privacy-statement/,ididata.com,30,ididata.com
c3pa:db/52,db/52,db,L2 -Data | Privacy Policy,L2 Political,https://l2-data.com/l2-privacy-policy/,l2-data.com,26,l2-data.com
c3pa:db/53,db/53,db,Privacy Policy - MCH Data,,https://www.mchdata.com/about/privacy-policy,mchdata.com,35,mchdata.com
c3pa:db/54,db/54,db,Your California Privacy Rights - OnCore Leads,,https://oncoreleads.com/california-privacy-rights/,oncoreleads.com,33,oncoreleads.com
c3pa:db/55,db/55,db,Services Privacy Policy | Cadent,Cadent,https://cadent.tv/services-privacy-policy/,cadent.tv,63,cadent.tv
c3pa:db/56,db/56,db,Privacy Policy - Rev,Rev,https://getrev.ai/privacy-policy/,getrev.ai,46,getrev.ai
c3pa:db/57,db/57,db,LeadIQ - Privacy Policy,,,,43,c3pa:db/57
c3pa:db/58,db/58,db,Privacy Policy - Near,,https://near.com/privacy-policy/,near.com,229,near.com
c3pa:db/59,db/59,db,Privacy Policy | Sabio Inc,,,,32,c3pa:db/59
c3pa:db/6,db/6,db,Privacy Policy - Infopay.com,,,,43,c3pa:db/6
c3pa:db/60,db/60,db,Privacy Policy | Scraping Robot,Scraping Robot,https://scrapingrobot.com/privacy-policy/,scrapingrobot.com,53,scrapingrobot.com
c3pa:db/61,db/61,db,"Terms & Conditions, Privacy Policy – SMA Communications",SMA Communications,https://smacomm.com/terms-conditions-privacy/,smacomm.com,36,smacomm.com
c3pa:db/62,db/62,db,Consumer Rights under CCPA - VideoAmp,VideoAmp,https://videoamp.com/consumer-rights-under-ccpa/,videoamp.com,26,videoamp.com
c3pa:db/63,db/63,db,Privacy Policy — Civis Analytics,Civis Analytics,https://www.civisanalytics.com/privacy-policy/,civisanalytics.com,49,civisanalytics.com
c3pa:db/64,db/64,db,Privacy Policy,IP2Location,https://www.ip2location.com/privacy-policy,ip2location.com,47,ip2location.com
c3pa:db/65,db/65,db,Privacy Policy | Milestone,Milestone,https://www.milestonemarketingsolutions.com/privacy-policy,milestonemarketingsolutions.com,34,milestonemarketingsolutions.com
c3pa:db/66,db/66,db,Website Privacy Policy - Legal Information | Mobilewalla,,https://www.mobilewalla.com/website-privacy,mobilewalla.com,75,mobilewalla.com
c3pa:db/67,db/67,db,Privacy Policy | OpenX,OpenX,https://www.openx.com/privacy-center/privacy-policy/,openx.com,15,openx.com
c3pa:db/68,db/68,db,Privacy Policy | California | PBI Research Services,PBI Research Services,https://www.pbinfo.com/ca-privacy-policy/,pbinfo.com,41,pbinfo.com
c3pa:db/69,db/69,db,California Privacy Policy Etc. – Reality Debt Solutions,,https://www.realitydebtsolutions.com/ccpaprivacy/,realitydebtsolutions.com,2,realitydebtsolutions.com
c3pa:db/7,db/7,db,Privacy Policy www.acxiom.com,Acxiom,https://www.acxiom.com/about-us/privacy/privacy-policy-www-acxiom-com/,acxiom.com,42,acxiom.com
c3pa:db/70,db/70,db,Privacy Policy,,https://datapartners.com/privacy-policy/,datapartners.com,44,datapartners.com
c3pa:db/71,db/71,db,Website Privacy Policy — Datonics,Datonics,https://www.datonics.com/website-privacy-policy,datonics.com,26,datonics.com
c3pa:db/72,db/72,db,Privacy Policy - Retention.com,Retention.com,https://retention.com/privacy-policy/,retention.com,36,retention.com
c3pa:db/73,db/73,db,Privacy Policy,JDM List Services LLC,https://jdmlistservices.com/privacy-policy,jdmlistservices.com,29,jdmlistservices.com
c3pa:db/74,db/74,db,"Privacy | JMR Media Consulting, Inc","JMR Media Consulting, Inc",https://jmr-media.com/privacy,jmr-media.com,33,jmr-media.com
c3pa:db/75,db/75,db,Privacy Policy | People Data Labs,People Data Labs,https://www.peopledatalabs.com,peopledatalabs.com,58,peopledatalabs.com
c3pa:db/76,db/76,db,» Privacy Policy | Rich Media,,http://www.richmediallc.com/privacy-policy/,richmediallc.com,18,richmediallc.com
c3pa:db/77,db/77,db,Privacy Policy | Porch Group Media,,https://porchgroupmedia.com/privacy-policy/,porchgroupmedia.com,58,porchgroupmedia.com
c3pa:db/78,db/78,db,Amplemarket - CCPA,,https://www.amplemarket.com//ccpa,amplemarket.com,19,amplemarket.com
c3pa:db/79,db/79,db,Decide Privacy Policy,Decide,https://decide.co/privacy,decide.co,41,decide.co
c3pa:db/8,db/8,db,PRIVACY POLICY -Direct Marketing Association Members - Anchor Computer,Anchor Computer,https://www.anchorcomputer.com/index.php/privacy-policy/,anchorcomputer.com,22,anchorcomputer.com
c3pa:db/80,db/80,db,Lead Me Media,,,,12,c3pa:db/80
c3pa:db/81,db/81,db,Privacy Policy,Rampedup Contact Data Solutions,https://rampedup.io/privacy-policy-1,rampedup.io,39,rampedup.io
c3pa:db/82,db/82,db,Privacy Policy - DemandScience,DemandScience,https://demandscience.com/privacy-policy/,demandscience.com,120,demandscience.com
c3pa:db/83,db/83,db,Privacy Notice | CA Residents,,https://finthrive.com/privacy-notice-for-california-residents,finthrive.com,63,finthrive.com
c3pa:db/84,db/84,db,Privacy Policy | Grata,,,,35,c3pa:db/84
c3pa:db/85,db/85,db,Privacy Policy — irys,irys,https://irys.us/privacy-policy,irys.us,30,irys.us
c3pa:db/86,db/86,db,Privacy Policy - Locate Smarter,Locate Smarter,https://locatesmarter.com/privacy-policy/,locatesmarter.com,51,locatesmarter.com
c3pa:db/87,db/87,db,Your California privacy rights | Permutive,Permutive,https://permutive.com/your-california-privacy-rights/,permutive.com,20,permutive.com
c3pa:db/88,db/88,db,Privacy Policy | Reveal Mobile,Reveal Mobile,https://revealmobile.com/privacy/,revealmobile.com,37,revealmobile.com
c3pa:db/89,db/89,db,"US Privacy Policy, Data Use, Security, and Compliance | RRD",RRD,https://www.rrd.com/privacy-policy,rrd.com,23,rrd.com
c3pa:db/9,db/9,db,SMS INC PRIVACY POLICY (CA) - SMS-INC,SMS-INC,https://www.sms-inc.com/privacy-policy-ca/,sms-inc.com,25,sms-inc.com
c3pa:db/90,db/90,db,Privacy Policy - SalesIntel,SalesIntel,https://salesintel.io/privacy-policy/,salesintel.io,53,salesintel.io
c3pa:db/91,db/91,db,"Privacy | Bliss Point - Santa Monica, CA",,https://www.blisspointmedia.com,blisspointmedia.com,67,blisspointmedia.com
c3pa:db/92,db/92,db,website privacy policy | choreograph,Choreograph,https://www.choreograph.com/website-policy/website-policy-english/,choreograph.com,33,choreograph.com
c3pa:db/93,db/93,db,Privacy Policy - Cuebiq,Cuebiq,https://www.cuebiq.com/privacypolicy/,cuebiq.com,44,cuebiq.com
c3pa:db/94,db/94,db,Focus USA Privacy Policy,Focus USA | Targeted Mailing Lists | Email Marketing | Digital Marketing | New Movers | New Homeowners | Display Ads | Retargeting | Geofencing,https://www.focus-usa.com/privacy-policy/,focus-usa.com,32,focus-usa.com
c3pa:db/95,db/95,db,Privacy Policy – FourLeaf,,https://www.fourleafdata.com/privacy-policy/,fourleafdata.com,31,fourleafdata.com
c3pa:db/96,db/96,db,Privacy Notice for California Residents — Marinus Analytics,Marinus Analytics,https://www.marinusanalytics.com/privacy-notice-for-california-residents,marinusanalytics.com,32,marinusanalytics.com
c3pa:db/97,db/97,db,Privacy Policy - X-Mode,X-Mode,https://xmode.io/xmode-privacy-policy-2/,xmode.io,62,xmode.io
c3pa:db/98,db/98,db,Checksecrets,,,,31,c3pa:db/98
c3pa:db/99,db/99,db,Privacy Policy | Madison Logic,Madison Logic,https://www.madisonlogic.com/privacy/,madisonlogic.com,61,madisonlogic.com
c3pa:ws/1,ws/1,ws,State Privacy Rights - Best Buy,,https://www.bestbuy.com/site/privacy-policy/state-privacy-rights/pcmcat204400050063.c?id=pcmcat204400050063,bestbuy.com,38,bestbuy.com
c3pa:ws/10,ws/10,ws,Forbes.com Privacy Statement,Forbes,https://www.forbes.com/privacy/english/,forbes.com,85,forbes.com
c3pa:ws/100,ws/100,ws,Privacy Policy Summary | Cabela's,,,,88,c3pa:ws/100
c3pa:ws/101,ws/101,ws,Privacy Policy | Camping World,,https://www.campingworld.com/helpcenter-ourpolicies/privacyPolicy.html,campingworld.com,71,campingworld.com
c3pa:ws/102,ws/102,ws,Privacy Policy · Change.org,Change.org,https://www.change.org/policies/privacy,change.org,86,change.org
c3pa:ws/103,ws/103,ws,Chick-fil-A Privacy Policy | Chick-fil-A,Chick-fil-A,https://www.chick-fil-a.com/legal/privacy/chick-fil-a-privacy-policy,chick-fil-a.com,107,chick-fil-a.com
c3pa:ws/104,ws/104,ws,Privacy Policy – Discogs,Discogs,https://support.discogs.com/hc/en-us/articles/360009334513-Privacy-Policy,support.discogs.com,94,support.discogs.com
c3pa:ws/105,ws/105,ws,Privacy Policy | Donald J. Trump,,,,29,c3pa:ws/105
c3pa:ws/106,ws/106,ws,"Privacy statement |

 Downdetector",downdetector.com,https://downdetector.com/,downdetector.com,87,downdetector.com
c3pa:ws/107,ws/107,ws,Privacy Policy,EverydayHealth.com,https://www.everydayhealth.com/privacyterms/,everydayhealth.com,73,everydayhealth.com
c3pa:ws/108,ws/108,ws,Getty Images,gettyimages.com,https://www.gettyimages.com/company/privacy-policy,gettyimages.com,46,gettyimages.com
c3pa:ws/109,ws/109,ws,Privacy Rights | Guitar Center,,https://www.guitarcenter.com/pages/privacy-rights-policy,guitarcenter.com,75,guitarcenter.com
c3pa:ws/11,ws/11,ws,Cookie Notice | The Independent,The Independent,https://www.independent.co.uk/service/cookie-policy-a6184186.html,independent.co.uk,16,independent.co.uk
c3pa:ws/110,ws/110,ws,KAYAK - Privacy Policy,KAYAK,https://www.kayak.com/privacy,kayak.com,121,kayak.com
c3pa:ws/111,ws/111,ws,Kickstarter Privacy Center,,,,34,c3pa:ws/111
c3pa:ws/112,ws/112,ws,Privacy Policy | Military.com,Military.com,https://www.military.com/about-us/privacy-policy,military.com,49,military.com
c3pa:ws/113,ws/113,ws,Privacy Statement - Daily Mirror,The Mirror,https://www.mirror.co.uk/privacy-notice/,mirror.co.uk,101,mirror.co.uk
c3pa:ws/114,ws/114,ws,Privacy & Cookies Policy (the 'Policy') | Daily Mail Online,Mail Online,https://www.dailymail.co.uk/home/article-7759273/Privacy-Cookies-Policy-Policy.html,dailymail.co.uk,164,dailymail.co.uk
c3pa:ws/115,ws/115,ws,NPR Online Privacy Policy : NPR,NPR,https://www.npr.org/about-npr/179878450/privacy-policy,npr.org,115,npr.org
c3pa:ws/116,ws/116,ws,Microsoft Privacy Statement – Microsoft privacy,,https://privacy.microsoft.com/en-us/privacystatement,privacy.microsoft.com,421,privacy.microsoft.com
c3pa:ws/117,ws/117,ws,Privacy Policy | Fox News,Fox News,https://www.foxnews.com/privacy-policy,foxnews.com,86,foxnews.com
c3pa:ws/118,ws/118,ws,LinkedIn Privacy Policy,,https://www.linkedin.com/legal/privacy-policy,linkedin.com,134,linkedin.com
c3pa:ws/119,ws/119,ws,Privacy Policy | Pornhub.com,,https://www.pornhub.com/information/privacy,pornhub.com,53,pornhub.com
c3pa:ws/12,ws/12,ws,California Privacy Disclosure | LinkedIn,,https://www.linkedin.com/legal/california-privacy-disclosure,linkedin.com,32,linkedin.com
c3pa:ws/120,ws/120,ws,Privacy Policy - Quora,,,,65,c3pa:ws/120
c3pa:ws/121,ws/121,ws,View Our Privacy Policy - realtor.com®,,,,94,c3pa:ws/121
c3pa:ws/122,ws/122,ws,Privacy Policy - The Weather Channel | weather.com,The Weather Channel,https://weather.com/privacyPolicy,weather.com,131,weather.com
c3pa:ws/123,ws/123,ws,"Terms and Conditions - Rules & Regulations, Privacy Policy, Warranties, and More",AutoZone.com,https://www.autozone.com/lp/termsAndConditions,autozone.com,156,autozone.com
c3pa:ws/124,ws/124,ws,Genius | Song Lyrics & Knowledge,Genius,,,90,c3pa:ws/124
c3pa:ws/125,ws/125,ws,Privacy Policy - IGN,IGN,https://www.ign.com/privacy-policy,ign.com,30,ign.com
c3pa:ws/126,ws/126,ws,Policy Pages,Investopedia,https://www.investopedia.com/legal-4768893,investopedia.com,60,investopedia.com
c3pa:ws/127,ws/127,ws,Kelley Blue Book Privacy Statement - Kelley Blue Book,Kelley Blue Book,https://www.kbb.com/company/privacy-policy/,kbb.com,100,kbb.com
c3pa:ws/128,ws/128,ws,"Free Porn Videos & Sex Movies - Porno, XXX, Porn Tube and Pussy Porn",,https://www.redtube.com/information,redtube.com,37,redtube.com
c3pa:ws/129,ws/129,ws,Shopify Privacy Policy,Shopify,https://www.shopify.com/legal/privacy,shopify.com,34,shopify.com
c3pa:ws/13,ws/13,ws,Copyright Policy,,https://www.linkedin.com/legal/copyright-policy,linkedin.com,0,linkedin.com
c3pa:ws/130,ws/130,ws,Online Privacy and Security Policy,Walgreens,https://www.walgreens.com/topic/help/generalhelp/privacyandsecurity.jsp,walgreens.com,101,walgreens.com
c3pa:ws/131,ws/131,ws,Groupon US Privacy Center,,,,38,c3pa:ws/131
c3pa:ws/132,ws/132,ws,Privacy Policy Agreement,,,,61,c3pa:ws/132
c3pa:ws/133,ws/133,ws,MLB Privacy Policy | MLB.com,MLB.com,https://www.mlb.com/official-information/privacy-policy,mlb.com,92,mlb.com
c3pa:ws/134,ws/134,ws,Ookla Privacy Policy,,https://www.speedtest.net/about/privacy,speedtest.net,49,speedtest.net
c3pa:ws/135,ws/135,ws,Patreon Privacy Center,,,,89,c3pa:ws/135
c3pa:ws/136,ws/136,ws,Terms of Service & Privacy Policy - Dictionary.com,Dictionary.com,https://www.dictionary.com/e/terms/,dictionary.com,53,dictionary.com
c3pa:ws/137,ws/137,ws,Privacy Policy - NFL.com,NFL.com,https://www.nfl.com/legal/privacy/,nfl.com,34,nfl.com
c3pa:ws/138,ws/138,ws,Privacy Policy - The Daily Beast,The Daily Beast,https://www.thedailybeast.com/company/privacy-policy,thedailybeast.com,60,thedailybeast.com
c3pa:ws/139,ws/139,ws,Privacy | BeenVerified,,https://www.beenverified.com/faq/privacy/,beenverified.com,55,beenverified.com
c3pa:ws/14,ws/14,ws,Privacy policy - About This Site - Mayo Clinic,,,,46,c3pa:ws/14
c3pa:ws/140,ws/140,ws,Privacy Policy | Carvana.com,Carvana.com,https://www.carvana.com/privacy-policy,carvana.com,127,carvana.com
c3pa:ws/141,ws/141,ws,CCPA Request,,,,11,c3pa:ws/141
c3pa:ws/142,ws/142,ws,Privacy Policy | Reverb,reverb.com,https://reverb.com/legal/reverbcom-privacy-policy,reverb.com,79,reverb.com
c3pa:ws/143,ws/143,ws,User Notices of The Seattle Times Company: Privacy Statement,,,,39,c3pa:ws/143
c3pa:ws/144,ws/144,ws,Privacy Center | SHEIN USA,,,,8,c3pa:ws/144
c3pa:ws/145,ws/145,ws,Privacy Policy | Sling TV,Sling TV,https://www.sling.com/offer-details/disclaimers/privacy-policy,sling.com,40,sling.com
c3pa:ws/146,ws/146,ws,"SR-03733
				 · Help Center",,,,16,c3pa:ws/146
c3pa:ws/147,ws/147,ws,Privacy Policy,WalletHub,,,44,c3pa:ws/147
c3pa:ws/148,ws/148,ws,Privacy Policy | Weather Underground,,https://www.wunderground.com/company/privacy-policy,wunderground.com,43,wunderground.com
c3pa:ws/149,ws/149,ws,Privacy — About Seeking Alpha,About Seeking Alpha,https://about.seekingalpha.com/privacy,about.seekingalpha.com,24,about.seekingalpha.com
c3pa:ws/15,ws/15,ws,The New York Times Company Privacy Policy  – Help,Help,https://help.nytimes.com/hc/en-us/articles/10940941449492-The-New-York-Times-Company-Privacy-Policy-,help.nytimes.com,102,help.nytimes.com
c3pa:ws/150,ws/150,ws,CALIFORNIA NOTICE AT COLLECTION  AND PRIVACY NOTICE | Fortune,Fortune,https://fortune.com/california-privacy-policy/,fortune.com,23,fortune.com
c3pa:ws/151,ws/151,ws,What is Your Pricing Policy? | Bass Pro Shops,,,,5,c3pa:ws/151
c3pa:ws/152,ws/152,ws,HubSpot Privacy Policy,,https://legal.hubspot.com/privacy-policy,legal.hubspot.com,49,legal.hubspot.com
c3pa:ws/153,ws/153,ws,Privacy Policy - MyAnimeList.net,MyAnimeList.net,https://myanimelist.net/about/privacy_policy,myanimelist.net,36,myanimelist.net
c3pa:ws/154,ws/154,ws,New York Media Privacy Notice,,https://nymag.com/newyork/privacy.html,nymag.com,68,nymag.com
c3pa:ws/155,ws/155,ws,PRIVACY NOTICE | Page Six,Page Six,https://pagesix.com/privacy-notice/,pagesix.com,29,pagesix.com
c3pa:ws/156,ws/156,ws,Streamable Privacy Policy,,,,17,c3pa:ws/156
c3pa:ws/157,ws/157,ws,Supplemental Privacy Notice for specific states | Eventbrite Help Center,,https://www.eventbrite.com/help/en-us/articles/212596/supplemental-privacy-notice-for-california-residents/,eventbrite.com,0,eventbrite.com
c3pa:ws/158,ws/158,ws,Privacy Policy | O'Reilly Auto Parts,,https://www.oreillyauto.com/privacy,oreillyauto.com,43,oreillyauto.com
c3pa:ws/159,ws/159,ws,Privacy Policy | Papa John’s Pizza,,https://www.papajohns.com/privacy-policy.html,papajohns.com,28,papajohns.com
c3pa:ws/16,ws/16,ws,U.S. State Privacy Notice,,https://www.usnews.com/features/info/privacy/state-notice,usnews.com,48,usnews.com
c3pa:ws/160,ws/160,ws,Patch Privacy Policy,Patch,https://patch.com/privacy,patch.com,26,patch.com
c3pa:ws/161,ws/161,ws,Privacy policy - Plenty of Fish Free Dating - POF.com,,https://www.pof.com/privacypolicy,pof.com,34,pof.com
c3pa:ws/162,ws/162,ws,Privacy | Redbubble,Redbubble,https://www.redbubble.com/privacy,redbubble.com,29,redbubble.com
c3pa:ws/163,ws/163,ws,US State Privacy Notice | REI Co-op,REI,https://www.rei.com/null,rei.com,24,rei.com
c3pa:ws/164,ws/164,ws,Privacy and Cookie Policy,The Telegraph,https://www.telegraph.co.uk/about-us/privacy-and-cookie-policy/,telegraph.co.uk,77,telegraph.co.uk
c3pa:ws/165,ws/165,ws,Privacy Policy,Zendesk,https://www.zendesk.com/company/agreements-and-terms/privacy-notice/,zendesk.com,40,zendesk.com
c3pa:ws/166,ws/166,ws,"Privacy Policy - Encyclopædia Britannica, Inc. Corporate Site","Encyclopædia Britannica, Inc. Corporate Site",https://corporate.britannica.com/privacy-policy,corporate.britannica.com,43,corporate.britannica.com
c3pa:ws/167,ws/167,ws,GEICO Privacy Policy,,,,25,c3pa:ws/167
c3pa:ws/168,ws/168,ws,Privacy Policy,,https://privacy.ticketmaster.com/privacy-policy,privacy.ticketmaster.com,46,privacy.ticketmaster.com
c3pa:ws/169,ws/169,ws,"Advance Auto Parts: Car, Engine, Batteries, Brakes, Replacement, Performance & Accessories",Advance Auto Parts,,,48,c3pa:ws/169
c3pa:ws/17,ws/17,ws,Individual States Rights - Xfinity by Comcast,,https://www.xfinity.com/privacy/policy/staterights,xfinity.com,35,xfinity.com
c3pa:ws/170,ws/170,ws,TIME Privacy Policy for the US,,,,33,c3pa:ws/170
c3pa:ws/18,ws/18,ws,Target Privacy Policy : Target,,https://www.target.com/c/target-privacy-policy/-/N-4sr7p,target.com,59,target.com
c3pa:ws/19,ws/19,ws,Privacy policy | Privacy | The Guardian,the Guardian,https://www.theguardian.com/help/privacy-policy,theguardian.com,55,theguardian.com
c3pa:ws/2,ws/2,ws,Your Privacy Rights  | Costco,,,,96,c3pa:ws/2
c3pa:ws/20,ws/20,ws,ADP Privacy,,https://www.adp.com/privacy.aspx,adp.com,87,adp.com
c3pa:ws/21,ws/21,ws,Privacy Policy - CarGurus,,https://www.cargurus.com/Cars/privacyPolicy.html,cargurus.com,62,cargurus.com
c3pa:ws/22,ws/22,ws,,,,,67,c3pa:ws/22
c3pa:ws/23,ws/23,ws,Privacy Policy | Express.co.uk,Express.co.uk,https://www.express.co.uk/privacy-notice,express.co.uk,137,express.co.uk
c3pa:ws/24,ws/24,ws,California Consumer Privacy Statement | NBA.com,,,,30,c3pa:ws/24
c3pa:ws/25,ws/25,ws,wikiHow:Privacy Policy - wikiHow,,https://www.wikihow.com/wikiHow:Privacy-Policy,wikihow.com,70,wikihow.com
c3pa:ws/26,ws/26,ws,"Advertise on Youporn, Terms Of Service, Privacy Policy 18 U.S.C. 2257",,https://www.youporn.com/information/,youporn.com,22,youporn.com
c3pa:ws/27,ws/27,ws,,,,,100,c3pa:ws/27
c3pa:ws/28,ws/28,ws,Privacy | Zoom,Zoom,https://explore.zoom.us/en/privacy/,explore.zoom.us,62,explore.zoom.us
c3pa:ws/29,ws/29,ws,Groupon US Privacy Center,,,,13,c3pa:ws/29
c3pa:ws/3,ws/3,ws,KOHL'S PRIVACY POLICY - YOUR PRIVACY RIGHTS | Kohl's,,https://www.kohls.com/feature/privacy-policy.jsp,kohls.com,54,kohls.com
c3pa:ws/30,ws/30,ws,Privacy Policy - Stack Overflow,Stack Overflow,https://stackoverflow.com/legal/privacy-policy,stackoverflow.com,68,stackoverflow.com
c3pa:ws/31,ws/31,ws,BuzzFeed - Privacy Policy,complex,https://www.buzzfeed.com/privacy,buzzfeed.com,67,buzzfeed.com
c3pa:ws/32,ws/32,ws,Global Privacy Statement | Intuit,,https://www.intuit.com/privacy/statement/,intuit.com,71,intuit.com
c3pa:ws/33,ws/33,ws,HuffPost | Privacy Policy and Cookie Policy,,https://www.huffpost.com/static/privacy-policy,huffpost.com,46,huffpost.com
c3pa:ws/34,ws/34,ws,Privacy Policy - Los Angeles Times,Los Angeles Times,https://www.latimes.com/privacy-policy,latimes.com,101,latimes.com
c3pa:ws/35,ws/35,ws,Privacy Policy - Legacy.com,Legacy.com,https://www.legacy.com/privacy-policy/,legacy.com,59,legacy.com
c3pa:ws/36,ws/36,ws,Privacy Policy - POLITICO,POLITICO,https://www.politico.com/privacy-policy,politico.com,47,politico.com
c3pa:ws/37,ws/37,ws,Privacy Policy,TMZ,https://www.tmz.com/pages/privacy-policy/,tmz.com,58,tmz.com
c3pa:ws/38,ws/38,ws,BibleGateway.com: A searchable online Bible in over 150 versions and 50 languages.,,https://www.biblegateway.com/legal/california/,biblegateway.com,36,biblegateway.com
c3pa:ws/39,ws/39,ws,Privacy Policy at Experian.com,,https://www.experian.com/privacy/us-consumer-data-privacy-policy,experian.com,48,experian.com
c3pa:ws/4,ws/4,ws,AT&T Privacy Policy,,https://about.att.com/content/privacy/full_privacy_policy.html,about.att.com,123,about.att.com
c3pa:ws/40,ws/40,ws,NerdWallet California Privacy Policy - NerdWallet,,https://www.nerdwallet.com/p/nerdwallet-california-privacy-policy,nerdwallet.com,21,nerdwallet.com
c3pa:ws/41,ws/41,ws,Global Privacy Policy | ZipRecruiter,ZipRecruiter,,,130,c3pa:ws/41
c3pa:ws/42,ws/42,ws,Privacy Statement - Autotrader,Autotrader,https://www.autotrader.com/legal/privacy-statement,autotrader.com,32,autotrader.com
c3pa:ws/43,ws/43,ws,Privacy Policy | Fidelity Investments,,https://www.fidelity.com/privacy-policy,fidelity.com,70,fidelity.com
c3pa:ws/44,ws/44,ws,Privacy Policy | Fox Business,Fox Business,https://foxbusiness.com/privacy-policy,foxbusiness.com,20,foxbusiness.com
c3pa:ws/45,ws/45,ws,PRIVACY POLICY,,,,64,c3pa:ws/45
c3pa:ws/46,ws/46,ws,Privacy Policy - NFL.com,NFL.com,https://www.nfl.com/legal/privacy/,nfl.com,46,nfl.com
c3pa:ws/47,ws/47,ws,Privacy Policy - autoevolution,autoevolution,,,20,c3pa:ws/47
c3pa:ws/48,ws/48,ws,Full Privacy Policy Details | Boost Mobile,,https://www.boostmobile.com/support/legal/privacy-policy,boostmobile.com,35,boostmobile.com
c3pa:ws/49,ws/49,ws,California Privacy Policy | Chick-fil-A,Chick-fil-A,https://www.chick-fil-a.com/legal/privacy/california-privacy-policy,chick-fil-a.com,6,chick-fil-a.com
c3pa:ws/5,ws/5,ws,GitHub Privacy Statement - GitHub Docs,GitHub Docs,https://ghdocs-prod.azurewebsites.net/en/site-policy/privacy-policies/github-privacy-statement,ghdocs-prod.azurewebsites.net,128,ghdocs-prod.azurewebsites.net
c3pa:ws/50,ws/50,ws,Privacy Policy | The Daily Wire,The Daily Wire,https://www.dailywire.com/privacy,dailywire.com,66,dailywire.com
c3pa:ws/51,ws/51,ws,Privacy Policy - Food52,Food52,https://food52.com/p/privacy,food52.com,50,food52.com
c3pa:ws/52,ws/52,ws,Privacy Policy,Humble Bundle,https://www.humblebundle.com/privacy,humblebundle.com,16,humblebundle.com
c3pa:ws/53,ws/53,ws,Privacy Policy - iFixit,iFixit,https://www.ifixit.com/Info/Privacy,ifixit.com,33,ifixit.com
c3pa:ws/54,ws/54,ws,♫ Z100 | New York's #1 Hit Music & Elvis Duran,iHeart,https://www.iheart.com/content/privacy-and-cookie-notice/,iheart.com,36,iheart.com
c3pa:ws/55,ws/55,ws,Privacy Policy - Investing.com,Investing.com,https://www.investing.com/about-us/privacy-policy,investing.com,41,investing.com
c3pa:ws/56,ws/56,ws,Privacy Policy | Leafly,Leafly,https://www.leafly.com/info/privacy-policy,leafly.com,53,leafly.com
c3pa:ws/57,ws/57,ws,LG Electronics Privacy Center,,,,63,c3pa:ws/57
c3pa:ws/58,ws/58,ws,Privacy Policy | LiveJasmin,LiveJasmin,https://www.livejasmin.com/en/privacy-policy,livejasmin.com,73,livejasmin.com
c3pa:ws/59,ws/59,ws,Privacy Policy | Medallia | Customer Experience and Employee Experience,Medallia,https://www.medallia.com/privacy-policy/,medallia.com,59,medallia.com
c3pa:ws/6,ws/6,ws,Privacy Policy – Privacy & Terms – Google,,/privacy?hl=en,,85,c3pa:ws/6
c3pa:ws/60,ws/60,ws,Privacy Policy - Mercari: Your Marketplace,Mercari: Your Marketplace,https://www.mercari.com//us/help_center/topics/trust/policies/mercari-privacy-policy/,mercari.com,28,mercari.com
c3pa:ws/61,ws/61,ws,Help - MidwayUSA Privacy Notice,MidwayUSA,/help/midwayusa-privacy-notice/15089,,25,c3pa:ws/61
c3pa:ws/62,ws/62,ws,Privacy Policy | MyFitnessPal,,https://www.myfitnesspal.com/privacy-policy,myfitnesspal.com,51,myfitnesspal.com
c3pa:ws/63,ws/63,ws,Online Privacy Policy,,https://www.synchrony.com/s/legal/privacy-policy.html,synchrony.com,32,synchrony.com
c3pa:ws/64,ws/64,ws,NETGEAR Privacy Policy | NETGEAR,NETGEAR,https://www.netgear.com/about/privacy-policy/,netgear.com,22,netgear.com
c3pa:ws/65,ws/65,ws,Nissan Legal Privacy Policy | Nissan USA,Nissan USA,https://www.nissanusa.com/privacy.html,nissanusa.com,41,nissanusa.com
c3pa:ws/66,ws/66,ws,Office Depot's Privacy Statement| Office Depot,,https://www.officedepot.com/l/help/privacy-statement,officedepot.com,42,officedepot.com
c3pa:ws/67,ws/67,ws,Okta Privacy Policy,,https://www.okta.com/privacy-policy/,okta.com,58,okta.com
c3pa:ws/68,ws/68,ws,Privacy Policy | Olive Garden Italian Restaurant,,https://www.olivegarden.com/privacy-policy,olivegarden.com,51,olivegarden.com
c3pa:ws/69,ws/69,ws,Oracle Advertising Privacy Policy | Oracle,,https://www.oracle.com/legal/privacy/advertising-privacy-policy.html,oracle.com,39,oracle.com
c3pa:ws/7,ws/7,ws,Medium Privacy Policy | by Medium | Medium Policy,Medium,https://policy.medium.com/medium-privacy-policy-f03bf92035c9,policy.medium.com,32,policy.medium.com
c3pa:ws/70,ws/70,ws,Privacy Policy | Party City,Party City,https://www.partycity.com/privacy.html,partycity.com,25,partycity.com
c3pa:ws/71,ws/71,ws,Privacy Policy - PGA TOUR,,https://www.pgatour.com/company/privacy-policy,pgatour.com,65,pgatour.com
c3pa:ws/72,ws/72,ws,Privacy Policy - Poshmark,Poshmark,https://poshmark.com/privacy,poshmark.com,33,poshmark.com
c3pa:ws/73,ws/73,ws,Privacy Policy | Pottery Barn,,https://www.potterybarn.com/about-us/privacy-policy.html,potterybarn.com,35,potterybarn.com
c3pa:ws/74,ws/74,ws,SHEIN PRIVACY POLICY | SHEIN USA,,,,25,c3pa:ws/74
c3pa:ws/75,ws/75,ws,Privacy Policy | SmartAsset.com,SmartAsset,https://smartasset.com/privacy,smartasset.com,45,smartasset.com
c3pa:ws/76,ws/76,ws,Staples Help Center,Staples.com,https://www.staples.com/hc,staples.com,33,staples.com
c3pa:ws/77,ws/77,ws,Privacy Policies | Subaru of America,"Subaru Cars, Sedans, SUVs | Subaru of America",https://www.subaru.com/support/privacy-policies.html,subaru.com,26,subaru.com
c3pa:ws/78,ws/78,ws,Online Privacy Policy,,https://www.synchrony.com/s/legal/privacy-policy.html,synchrony.com,38,synchrony.com
c3pa:ws/79,ws/79,ws,TPT Privacy Center,,,,94,c3pa:ws/79
c3pa:ws/8,ws/8,ws,X Privacy Policy,,https://twitter.com/en/privacy,twitter.com,33,twitter.com
c3pa:ws/80,ws/80,ws,Privacy Policy - Thumbtack,Thumbtack,https://www.thumbtack.com/privacy/,thumbtack.com,15,thumbtack.com
c3pa:ws/81,ws/81,ws,Terms of Privacy - TrueCar,,,,36,c3pa:ws/81
c3pa:ws/82,ws/82,ws,Privacy Notice | U-Haul,U-Haul International,https://www.uhaul.com/Legal/,uhaul.com,27,uhaul.com
c3pa:ws/83,ws/83,ws,Privacy and security | U.S. Bank,,https://www.usbank.com/about-us-bank/privacy/security.html,usbank.com,28,usbank.com
c3pa:ws/84,ws/84,ws,Privacy Policy – Privacy & Terms – Google,,/privacy?hl=en-US,,88,c3pa:ws/84
c3pa:ws/85,ws/85,ws,Privacy and Security Statement – The Home Depot,,https://www.homedepot.com/privacy/privacy-and-security-statement,homedepot.com,201,homedepot.com
c3pa:ws/86,ws/86,ws,Your US State Privacy Rights | Hulu,Hulu,https://www.hulu.com/your-us-state-privacy-rights,hulu.com,48,hulu.com
c3pa:ws/87,ws/87,ws,Back Button,,,,92,c3pa:ws/87
c3pa:ws/88,ws/88,ws,CCPA - Imgur,Imgur,https://imgur.com/ccpa,imgur.com,12,imgur.com
c3pa:ws/89,ws/89,ws,Washington Post Privacy policy - The Washington Post,Washington Post,https://www.washingtonpost.com/discussions/2021/01/01/privacy-policy/,washingtonpost.com,70,washingtonpost.com
c3pa:ws/9,ws/9,ws,Legal - Privacy Policy — Insider Inc.,Insider Inc.,https://www.insider-inc.com/privacy-policy,insider-inc.com,107,insider-inc.com
c3pa:ws/90,ws/90,ws,,,,,81,c3pa:ws/90
c3pa:ws/91,ws/91,ws,Privacy Policy | Redfin,,,,157,c3pa:ws/91
c3pa:ws/92,ws/92,ws,Privacy Policy Newegg - Newegg Knowledge Base,Newegg Knowledge Base,//kb.newegg.com/knowledge-base/privacy-policy-newegg/,,100,c3pa:ws/92
c3pa:ws/93,ws/93,ws,Privacy Notice | Apartments.com,,,,60,c3pa:ws/93
c3pa:ws/94,ws/94,ws,Bible Gateway: Privacy Notice (U.S. and Canada),,https://www.biblegateway.com/legal/privacy/,biblegateway.com,35,biblegateway.com
c3pa:ws/95,ws/95,ws,Privacy Policy at Experian.com,,https://www.experian.com/privacy/,experian.com,6,experian.com
c3pa:ws/96,ws/96,ws,California Privacy Notice | ZipRecruiter,ZipRecruiter,,,59,c3pa:ws/96
c3pa:ws/97,ws/97,ws,AllTrails Privacy Center,,,,71,c3pa:ws/97
c3pa:ws/98,ws/98,ws,Privacy Policy,,https://www.amctheatres.com/privacy-policy,amctheatres.com,56,amctheatres.com
c3pa:ws/99,ws/99,ws,Privacy Policy Summary | Bass Pro Shops,,,,33,c3pa:ws/99
